method,episode,reward,avg_waiting,avg_throughput,emergency_switches
RL,1,1181.1520628261449,290.26312718786465,44.37134976201806,1767
Fixed-Time,1,0.0,770.3013285024155,36.92655867324628,0
